10,60775,318.1,1,118:->G,0,,,
12,60775,352.2,1,118:G>A,0,,,
5,60775,214.4,1,118:G>T,0,,,
17,63058,326.6,1,119:->A,0,,,
12,63058,318.2,1,119:A>-,0,,,
3,63058,375.7,1,119:A>G,0,,,
11,67217,366.3,1,120:A>G,0,,,
5,67217,306.8,1,120:A>T,0,,,
10,67360,265.0,1,121:->T,0,,,
12,67360,270.2,1,121:T>-,0,,,
5,67360,352.0,1,121:T>C,0,,,
7,67648,289.7,1,122:T>C,0,,,
4,67872,317.2,1,123:->C,0,,,
8,67872,308.9,1,123:C>-,0,,,
18,67872,342.2,1,123:C>T,0,,,
8,68373,303.2,1,124:->A,0,,,
8,68373,371.1,1,124:A>-,0,,,
9,68373,337.7,1,124:A>G,0,,,
18,68456,304.3,1,125:->G,0,,,
13,68456,307.3,1,125:G>-,0,,,
7,68456,266.3,1,125:G>T,0,,,
3,68598,184.0,1,126:G>A,0,,,
4,68598,293.2,1,126:G>T,0,,,
13,68705,267.9,1,127:->A,0,,,
12,68705,260.5,1,127:A>-,0,,,
4,68705,278.8,1,127:A>T,0,,,
11,68886,243.0,1,128:->G,0,,,
3,68886,324.3,1,128:G>-,0,,,
4,68886,398.2,1,128:G>A,0,,,
5,68886,287.6,1,128:G>T,0,,,
5,69176,266.2,1,129:->T,0,,,
10,69176,291.5,1,129:T>C,0,,,
8,81508,270.9,1,130:->C,0,,,
26,81508,317.6,1,130:C>-,0,,,
27,81508,323.3,1,130:C>T,0,,,
39,82469,319.1,1,131:C>T,0,,,
4,78152,298.5,2,"131:C>T, 605:G>A",1,155:CGG>CGA,S:R>R,
12,82565,274.9,1,132:->A,0,,,
5,82565,393.0,1,132:A>-,0,,,
8,82565,331.4,1,132:A>G,0,,,
4,82565,409.0,1,132:A>T,0,,,
9,86504,269.6,1,133:->G,0,,,
7,86504,327.3,1,133:G>-,0,,,
11,86504,395.6,1,133:G>A,0,,,
6,86504,295.5,1,133:G>T,0,,,
4,86961,330.0,1,134:->C,0,,,
6,86961,300.2,1,134:C>-,0,,,
15,86961,308.9,1,134:C>T,0,,,
22,91940,235.4,1,135:->T,0,,,
40,91940,277.6,1,135:T>-,0,,,
3,91940,520.0,1,135:T>C,0,,,
8,92399,326.2,1,136:T>C,0,,,
6,92520,334.2,1,137:T>C,0,,,
40,92786,257.2,1,138:->A,0,,,
41,92786,274.3,1,138:A>-,0,,,
4,92786,176.0,1,138:A>G,0,,,
9,92786,322.4,1,138:A>T,0,,,
4,93019,253.5,1,139:A>C,0,,,
7,93019,362.7,1,139:A>G,0,,,
4,93019,206.0,1,139:A>T,0,,,
20,93135,140.3,1,140:A>C,0,,,
6,93135,321.8,1,140:A>G,0,,,
4,93295,248.0,1,141:A>T,1,1:ATG>TTG,M:M>L,M1L
4,94206,297.5,1,142:T>C,1,1:ATG>ACG,M:M>T,M1T
27,94887,330.5,1,143:G>A,1,1:ATG>ATA,M:M>I,M1I
90,94887,278.3,1,143:G>T,1,1:ATG>ATT,M:M>I,M1I
8,96693,257.9,1,144:T>C,1,2:TCC>CCC,M:S>P,S2P
3,90128,284.0,3,"145:C>G, 146:C>G, 605:G>A",2,"2:TCC>TGG, 155:CGG>CGA","M:S>W, S:R>R",S2W
4,96920,257.5,1,146:C>A,1,2:TCC>TCA,S:S>S,
17,96920,294.8,1,146:C>T,1,2:TCC>TCT,S:S>S,
9,96802,254.3,1,148:A>G,1,3:GAG>GGG,M:E>G,E3G
3,91728,321.0,3,"148:A>G, 573:C>A, 574:T>A",2,"3:GAG>GGG, 145:CTC>AAC","M:E>G, M:L>N",E3G;L145N
3,96840,349.0,1,149:G>A,1,3:GAG>GAA,S:E>E,
7,97652,257.1,1,152:C>T,1,4:AAC>AAT,S:N>N,
6,98542,282.8,1,153:A>G,1,5:ACT>GCT,M:T>A,T5A
3,91845,242.0,4,"153:A>G, 154:C>A, 155:T>G, 605:G>A",2,"5:ACT>GAG, 155:CGG>CGA","M:T>E, S:R>R",T5E
3,91845,335.3,4,"153:A>G, 154:C>T, 155:T>G, 605:G>A",2,"5:ACT>GTG, 155:CGG>CGA","M:T>V, S:R>R",T5V
8,98542,257.0,1,153:A>T,1,5:ACT>TCT,M:T>S,T5S
3,98718,248.0,1,154:C>A,1,5:ACT>AAT,M:T>N,T5N
3,98682,350.3,3,"154:C>A, 155:T>G, 156:G>T",2,"5:ACT>AAG, 6:GTG>TTG","M:T>K, M:V>L",T5_V6insdelKL
3,97131,288.0,4,"154:C>A, 240:C>T, 241:C>A, 242:A>C",2,"5:ACT>AAT, 34:CCA>TAC","M:T>N, M:P>Y",T5N;P34Y
5,98718,364.6,1,154:C>T,1,5:ACT>ATT,M:T>I,T5I
4,94243,306.2,3,"154:C>T, 155:T>C, 548:G>A",2,"5:ACT>ATC, 136:GCG>GCA","M:T>I, S:A>A",T5I
4,91986,372.2,3,"154:C>T, 155:T>C, 605:G>A",2,"5:ACT>ATC, 155:CGG>CGA","M:T>I, S:R>R",T5I
3,98742,363.3,1,155:T>G,1,5:ACT>ACG,S:T>T,
3,98938,439.0,1,156:G>T,1,6:GTG>TTG,M:V>L,V6L
3,92203,303.3,2,"157:T>A, 605:G>A",2,"6:GTG>GAG, 155:CGG>CGA","M:V>E, S:R>R",V6E
4,98988,257.2,1,157:T>C,1,6:GTG>GCG,M:V>A,V6A
7,98992,348.9,1,158:G>A,1,6:GTG>GTA,S:V>V,
5,98992,338.0,1,158:G>T,1,6:GTG>GTT,S:V>V,
3,98846,323.3,3,"158:G>T, 160:T>C, 161:G>C",2,"6:GTG>GTT, 7:ATG>ACC","S:V>V, M:M>T",M7T
5,98967,226.2,1,159:A>T,1,7:ATG>TTG,M:M>L,M7L
4,98960,258.5,1,160:T>C,1,7:ATG>ACG,M:M>T,M7T
3,95509,373.0,147,"161:G>-, 162:C>-, 163:C>-, 164:G>-, 165:A>-, 166:T>-, 167:C>-, 168:G>-, 169:T>-, 170:C>-, 171:C>-, 172:G>-, 173:G>-, 174:G>-, 175:T>-, 176:G>-, 177:G>-, 178:C>-, 179:C>-, 180:G>-, 181:T>-, 182:G>-, 183:C>-, 184:T>-, 185:G>-, 186:G>-, 187:C>-, 188:C>-, 189:G>-, 190:C>-, 191:C>-, 192:G>-, 193:G>-, 194:A>-, 195:G>-, 196:A>-, 197:C>-, 198:G>-, 199:A>-, 200:C>-, 201:G>-, 202:G>-, 203:T>-, 204:G>-, 205:G>-, 206:C>-, 207:C>-, 208:G>-, 209:G>-, 210:C>-, 211:T>-, 212:G>-, 213:A>-, 214:C>-, 215:C>-, 216:G>-, 217:A>-, 218:G>-, 219:A>-, 220:T>-, 221:G>-, 222:G>-, 223:C>-, 224:C>-, 225:C>-, 226:T>-, 227:G>-, 228:C>-, 229:C>-, 230:G>-, 231:T>-, 232:C>-, 233:C>-, 234:G>-, 235:A>-, 236:G>-, 237:T>-, 238:T>-, 239:G>-, 240:C>-, 241:C>-, 242:A>-, 243:C>-, 244:T>-, 245:G>-, 246:C>-, 247:G>-, 248:C>-, 249:G>-, 250:A>-, 251:G>-, 252:A>-, 253:T>-, 254:C>-, 255:C>-, 256:T>-, 257:G>-, 258:C>-, 259:C>-, 260:C>-, 261:G>-, 262:C>-, 263:G>-, 264:G>-, 265:T>-, 266:C>-, 267:C>-, 268:A>-, 269:G>-, 270:C>-, 271:G>-, 272:C>-, 273:A>-, 274:T>-, 275:C>-, 276:G>-, 277:T>-, 278:G>-, 279:C>-, 280:A>-, 281:G>-, 282:C>-, 283:C>-, 284:C>-, 285:G>-, 286:C>-, 287:C>-, 288:C>-, 289:G>-, 290:T>-, 291:G>-, 292:A>-, 293:G>-, 294:A>-, 295:A>-, 296:C>-, 297:G>-, 298:A>-, 299:C>-, 300:G>-, 301:G>-, 302:T>-, 303:G>-, 304:C>-, 305:C>-, 339:C>A, 340:T>C",135,"7:ATG>---, 8:CCG>---, 9:ATC>---, 10:GTC>---, 11:CGG>---, 12:GTG>---, 13:GCC>---, 14:GTG>---, 15:CTG>---, 16:GCC>---, 17:GCC>---, 18:GGA>---, 19:GAC>---, 20:GAC>---, 21:GGT>---, 22:GGC>---, 23:CGG>---, 24:CTG>---, 25:ACC>---, 26:GAG>---, 27:ATG>---, 28:GCC>---, 29:CTG>---, 30:CCG>---, 31:TCC>---, 32:GAG>---, 33:TTG>---, 34:CCA>---, 35:CTG>---, 36:CGC>---, 37:GAG>---, 38:ATC>---, 39:CTG>---, 40:CCC>---, 41:GCG>---, 42:GTC>---, 43:CAG>---, 44:CGC>---, 45:ATC>---, 46:GTG>---, 47:CAG>---, 48:CCC>---, 49:GCC>---, 50:CGT>---, 51:GAG>---, 52:AAC>---, 53:GAC>---, 54:GGT>---, 55:FS, 55:GCC>ATG, 56:GCC>CCG, 57:GAT>ATC, 58:CCG>CGG, 59:GCC>CCG, 60:GCA>CAG, 61:GCG>CGC, 62:CCG>CGA, 63:AAC>ACC, 64:CCG>CGG, 65:GTG>TGC, 66:CGG>GGA, 67:CTC>CCA, 68:AGC>GCC, 69:CTC>TCG, 70:GCT>CTC, 71:CCG>CGA, 72:ATC>TCG, 73:GGC>GCG, 74:GGT>GTG, 75:GCG>CGC, 76:CCG>CGT, 77:TTC>TCA, 78:AGC>GCT, 79:TTG>TGG, 80:GAC>ACG, 81:GCC>CCA, 82:ACG>CGC, 83:CTC>TCG, 84:GAC>ACA, 85:ACG>CGG, 86:GTC>TCG, 87:GGC>GCG, 88:GTC>TCG, 89:GTC>TCG, 90:GAC>ACG, 91:GGT>GTG, 92:GAT>ATC, 93:CTG>TGC, 94:CTC>TCG, 95:GCG>CGC, 96:CTG>TGC, 97:CAG>AGG, 98:GCG>CGG, 99:GTC>TCC, 100:CCG>CGT, 101:TCC>CCG, 102:GGA>GAC, 103:CCG>CGC, 104:CCC>CCG, 105:GCG>CGC, 106:CCG>CGC, 107:CGG>GGA, 108:ATC>TCG, 109:GTG>TGG, 110:GAG>AGG, 111:GAC>ACA, 112:ATC>TCG, 113:GCC>CCG, 114:GAC>ACG, 115:GCC>CCG, 116:GCG>CGG, 117:GTC>TCA, 118:ATC>TCT, 119:TTC>TCT, 120:TCC>CCG, 121:GAG>AGG, 122:GCA>CAC, 123:CGC>GCA, 124:AGG>GGC, 125:CGC>GCC, 126:CAG>AGT, 127:TGG>GGG, 128:GGT>GTC, 129:CCC>CCA, 130:ACG>CGC, 131:CAC>ACA, 132:ATC>TCG, 133:GCG>CGC, 134:CGT>GTG, 135:GGT>GTG, 136:GCG>CGG, 137:GCG>CGC, 138:CTC>TCG, 139:GCG>CGC, 140:CTG>TGA","D:M>-, D:P>-, D:I>-, D:V>-, D:R>-, D:V>-, D:A>-, D:V>-, D:L>-, D:A>-, D:A>-, D:G>-, D:D>-, D:D>-, D:G>-, D:G>-, D:R>-, D:L>-, D:T>-, D:E>-, D:M>-, D:A>-, D:L>-, D:P>-, D:S>-, D:E>-, D:L>-, D:P>-, D:L>-, D:R>-, D:E>-, D:I>-, D:L>-, D:P>-, D:A>-, D:V>-, D:Q>-, D:R>-, D:I>-, D:V>-, D:Q>-, D:P>-, D:A>-, D:R>-, D:E>-, D:N>-, D:D>-, D:G>-, FS, M:A>M, M:A>P, M:D>I, M:P>R, M:A>P, M:A>Q, M:A>R, M:P>R, M:N>T, M:P>R, M:V>C, M:R>G, M:L>P, M:S>A, M:L>S, M:A>L, M:P>R, M:I>S, M:G>A, M:G>V, M:A>R, M:P>R, M:F>S, M:S>A, M:L>W, M:D>T, M:A>P, M:T>R, M:L>S, M:D>T, M:T>R, M:V>S, M:G>A, M:V>S, M:V>S, M:D>T, M:G>V, M:D>I, M:L>C, M:L>S, M:A>R, M:L>C, M:Q>R, M:A>R, M:V>S, M:P>R, M:S>P, M:G>D, M:P>R, S:P>P, M:A>R, M:P>R, M:R>G, M:I>S, M:V>W, M:E>R, M:D>T, M:I>S, M:A>P, M:D>T, M:A>P, M:A>R, M:V>S, M:I>S, M:F>S, M:S>P, M:E>R, M:A>H, M:R>A, M:R>G, M:R>A, M:Q>S, M:W>G, M:G>V, S:P>P, M:T>R, M:H>T, M:I>S, M:A>R, M:R>V, M:G>V, M:A>R, M:A>R, M:L>S, M:A>R, N:L>X",M7_G54del;A55Mfs*86
14,98919,311.4,1,161:G>A,1,7:ATG>ATA,M:M>I,M7I
3,92304,318.7,2,"161:G>C, 605:G>A",2,"7:ATG>ATC, 155:CGG>CGA","M:M>I, S:R>R",M7I
3,98919,249.7,1,161:G>T,1,7:ATG>ATT,M:M>I,M7I
7,99327,138.1,1,162:C>A,1,8:CCG>ACG,M:P>T,P8T
5,99327,284.2,1,162:C>G,1,8:CCG>GCG,M:P>A,P8A
3,99413,242.7,1,163:C>G,1,8:CCG>CGG,M:P>R,P8R
20,99334,298.9,1,164:G>A,1,8:CCG>CCA,S:P>P,
6,99334,331.5,1,164:G>T,1,8:CCG>CCT,S:P>P,
4,99652,121.8,1,165:A>C,1,9:ATC>CTC,M:I>L,I9L
3,92978,390.0,3,"165:A>C, 167:C>G, 605:G>A",2,"9:ATC>CTG, 155:CGG>CGA","M:I>L, S:R>R",I9L
6,99652,262.8,1,165:A>G,1,9:ATC>GTC,M:I>V,I9V
13,95574,369.5,3,"165:A>G, 167:C>G, 536:C>T",2,"9:ATC>GTG, 132:ATC>ATT","M:I>V, S:I>I",I9V
5,99763,396.0,1,167:C>A,1,9:ATC>ATA,S:I>I,
9,99763,333.8,1,167:C>T,1,9:ATC>ATT,S:I>I,
3,93585,359.0,3,"168:G>A, 169:T>C, 605:G>A",2,"10:GTC>ACC, 155:CGG>CGA","M:V>T, S:R>R",V10T
3,93755,332.0,2,"169:T>C, 605:G>A",2,"10:GTC>GCC, 155:CGG>CGA","M:V>A, S:R>R",V10A
4,100595,265.8,1,170:C>A,1,10:GTC>GTA,S:V>V,
14,100595,312.4,1,170:C>T,1,10:GTC>GTT,S:V>V,
3,99878,392.3,3,"170:C>T, 204:G>T, 205:G>A",2,"10:GTC>GTT, 22:GGC>TAC","S:V>V, M:G>Y",G22Y
6,100659,210.7,1,171:C>A,1,11:CGG>AGG,S:R>R,
5,93808,264.8,2,"171:C>T, 605:G>A",2,"11:CGG>TGG, 155:CGG>CGA","M:R>W, S:R>R",R11W
4,93823,390.5,2,"172:G>A, 605:G>A",2,"11:CGG>CAG, 155:CGG>CGA","M:R>Q, S:R>R",R11Q
7,100634,372.6,1,173:G>A,1,11:CGG>CGA,S:R>R,
19,100634,245.6,1,173:G>T,1,11:CGG>CGT,S:R>R,
4,100843,246.5,1,174:G>T,1,12:GTG>TTG,M:V>L,V12L
3,100842,278.0,1,175:T>C,1,12:GTG>GCG,M:V>A,V12A
3,100889,211.0,1,176:G>-,13,"12:FS, 13:GCC>CCG, 14:GTG>TGC, 15:CTG>TGG, 16:GCC>CCG, 17:GCC>CCG, 18:GGA>GAG, 19:GAC>ACG, 20:GAC>ACG, 21:GGT>GTG, 22:GGC>GCC, 23:CGG>GGC, 24:CTG>TGA","FS, M:A>P, M:V>C, M:L>W, M:A>P, M:A>P, M:G>E, M:D>T, M:D>T, M:G>V, M:G>A, M:R>G, N:L>X",A13Pfs*12
8,100889,279.5,1,176:G>A,1,12:GTG>GTA,S:V>V,
5,100889,219.0,1,176:G>T,1,12:GTG>GTT,S:V>V,
3,100997,273.7,1,177:G>C,1,13:GCC>CCC,M:A>P,A13P
3,94145,344.3,4,"177:G>C, 178:C>A, 179:C>G, 605:G>A",2,"13:GCC>CAG, 155:CGG>CGA","M:A>Q, S:R>R",A13Q
3,99173,322.0,4,"177:G>C, 178:C>T, 179:C>G, 260:C>A",2,"13:GCC>CTG, 40:CCC>CCA","M:A>L, S:P>P",A13L
11,100997,266.8,1,177:G>T,1,13:GCC>TCC,M:A>S,A13S
3,100330,215.0,2,"177:G>T, 208:G>A",2,"13:GCC>TCC, 23:CGG>CAG","M:A>S, M:R>Q",A13S;R23Q
3,100673,391.3,3,"178:C>A, 179:C>G, 189:G>C",2,"13:GCC>GAG, 17:GCC>CCC","M:A>E, M:A>P",A13E;A17P
26,100972,324.6,1,178:C>T,1,13:GCC>GTC,M:A>V,A13V
3,100481,361.3,3,"178:C>T, 198:G>A, 200:C>G",2,"13:GCC>GTC, 20:GAC>AAG","M:A>V, M:D>K",A13V;D20K
3,100494,278.7,3,"178:C>T, 198:G>C, 199:A>G",2,"13:GCC>GTC, 20:GAC>CGC","M:A>V, M:D>R",A13V;D20R
5,100481,352.8,4,"178:C>T, 198:G>C, 199:A>T, 200:C>G",2,"13:GCC>GTC, 20:GAC>CTG","M:A>V, M:D>L",A13V;D20L
3,100481,381.3,3,"178:C>T, 198:G>C, 200:C>G",2,"13:GCC>GTC, 20:GAC>CAG","M:A>V, M:D>Q",A13V;D20Q
3,100509,318.3,2,"178:C>T, 198:G>T",2,"13:GCC>GTC, 20:GAC>TAC","M:A>V, M:D>Y",A13V;D20Y
7,100481,404.1,4,"178:C>T, 198:G>T, 199:A>G, 200:C>G",2,"13:GCC>GTC, 20:GAC>TGG","M:A>V, M:D>W",A13V;D20W
8,100481,353.2,3,"178:C>T, 199:A>T, 200:C>G",2,"13:GCC>GTC, 20:GAC>GTG","M:A>V, M:D>V",A13V;D20V
3,100393,398.0,3,"178:C>T, 204:G>T, 206:C>G",2,"13:GCC>GTC, 22:GGC>TGG","M:A>V, M:G>W",A13V;G22W
13,100984,262.2,1,179:C>A,1,13:GCC>GCA,S:A>A,
5,100984,336.6,1,179:C>G,1,13:GCC>GCG,S:A>A,
14,100984,279.1,1,179:C>T,1,13:GCC>GCT,S:A>A,
7,100999,267.1,1,181:T>C,1,14:GTG>GCG,M:V>A,V14A
11,101060,287.9,1,182:G>A,1,14:GTG>GTA,S:V>V,
3,101060,238.0,1,182:G>T,1,14:GTG>GTT,S:V>V,
3,94263,304.0,4,"183:C>G, 184:T>C, 185:G>C, 605:G>A",2,"15:CTG>GCC, 155:CGG>CGA","M:L>A, S:R>R",L15A
18,101060,299.7,1,183:C>T,1,15:CTG>TTG,S:L>L,
3,97089,337.0,6,"183:C>T, 184:T>A, 185:G>C, 531:C>T, 532:A>C, 533:C>G",2,"15:CTG>TAC, 131:CAC>TCG","M:L>Y, M:H>S",L15Y;H131S
3,101075,123.7,1,185:G>-,10,"15:FS, 16:GCC>CCG, 17:GCC>CCG, 18:GGA>GAG, 19:GAC>ACG, 20:GAC>ACG, 21:GGT>GTG, 22:GGC>GCC, 23:CGG>GGC, 24:CTG>TGA","FS, M:A>P, M:A>P, M:G>E, M:D>T, M:D>T, M:G>V, M:G>A, M:R>G, N:L>X",A16Pfs*9
19,101075,332.0,1,185:G>A,1,15:CTG>CTA,S:L>L,
3,101075,322.3,1,185:G>C,1,15:CTG>CTC,S:L>L,
5,101075,222.0,1,185:G>T,1,15:CTG>CTT,S:L>L,
7,94294,353.1,3,"186:G>A, 187:C>T, 605:G>A",2,"16:GCC>ATC, 155:CGG>CGA","M:A>I, S:R>R",A16I
4,100483,393.2,3,"186:G>A, 213:A>T, 214:C>T",2,"16:GCC>ACC, 25:ACC>TTC","M:A>T, M:T>F",A16T;T25F
3,100977,335.7,1,186:G>C,1,16:GCC>CCC,M:A>P,A16P
5,100977,270.2,1,186:G>T,1,16:GCC>TCC,M:A>S,A16S
5,100464,481.6,3,"186:G>T, 214:C>T, 215:C>G",2,"16:GCC>TCC, 25:ACC>ATG","M:A>S, M:T>M",A16S;T25M
3,94297,456.0,2,"187:C>A, 605:G>A",2,"16:GCC>GAC, 155:CGG>CGA","M:A>D, S:R>R",A16D
23,100966,305.0,1,187:C>T,1,16:GCC>GTC,M:A>V,A16V
4,100962,239.5,1,188:C>A,1,16:GCC>GCA,S:A>A,
22,100962,326.3,1,188:C>T,1,16:GCC>GCT,S:A>A,
3,94311,300.0,2,"189:G>A, 605:G>A",2,"17:GCC>ACC, 155:CGG>CGA","M:A>T, S:R>R",A17T
12,100965,339.6,1,189:G>T,1,17:GCC>TCC,M:A>S,A17S
4,94311,351.0,4,"189:G>T, 190:C>G, 191:C>G, 605:G>A",2,"17:GCC>TGG, 155:CGG>CGA","M:A>W, S:R>R",A17W
3,100487,250.0,4,"189:G>T, 213:A>T, 214:C>G, 215:C>G",2,"17:GCC>TCC, 25:ACC>TGG","M:A>S, M:T>W",A17S;T25W
3,100506,282.0,2,"189:G>T, 214:C>T",2,"17:GCC>TCC, 25:ACC>ATC","M:A>S, M:T>I",A17S;T25I
8,101062,303.5,1,190:C>T,1,17:GCC>GTC,M:A>V,A17V
6,101077,341.7,1,191:C>A,1,17:GCC>GCA,S:A>A,
3,100602,364.3,4,"191:C>A, 213:A>G, 214:C>A, 215:C>G",2,"17:GCC>GCA, 25:ACC>GAG","S:A>A, M:T>E",T25E
5,100622,366.4,3,"191:C>A, 213:A>T, 214:C>G",2,"17:GCC>GCA, 25:ACC>TGC","S:A>A, M:T>C",T25C
6,100540,386.3,3,"191:C>A, 216:G>A, 218:G>C",2,"17:GCC>GCA, 26:GAG>AAC","S:A>A, M:E>N",E26N
25,101077,281.6,1,191:C>T,1,17:GCC>GCT,S:A>A,
4,100622,332.2,3,"191:C>T, 213:A>C, 214:C>G",2,"17:GCC>GCT, 25:ACC>CGC","S:A>A, M:T>R",T25R
3,100602,223.7,4,"191:C>T, 213:A>C, 214:C>T, 215:C>G",2,"17:GCC>GCT, 25:ACC>CTG","S:A>A, M:T>L",T25L
4,100627,243.5,2,"191:C>T, 213:A>G",2,"17:GCC>GCT, 25:ACC>GCC","S:A>A, M:T>A",T25A
3,100622,299.7,3,"191:C>T, 213:A>T, 214:C>A",2,"17:GCC>GCT, 25:ACC>TAC","S:A>A, M:T>Y",T25Y
23,101051,325.5,1,192:G>A,1,18:GGA>AGA,M:G>R,G18R
3,100631,443.0,3,"192:G>A, 213:A>C, 214:C>G",2,"18:GGA>AGA, 25:ACC>CGC","M:G>R, M:T>R",G18R;T25R
6,101009,343.7,1,193:G>A,1,18:GGA>GAA,M:G>E,G18E
3,101009,390.0,1,193:G>C,1,18:GGA>GCA,M:G>A,G18A
7,101009,316.4,1,193:G>T,1,18:GGA>GTA,M:G>V,G18V
7,101032,311.1,1,194:A>G,1,18:GGA>GGG,S:G>G,
7,101090,298.6,1,197:C>T,1,19:GAC>GAT,S:D>D,
3,94504,305.0,3,"198:G>A, 200:C>G, 605:G>A",2,"20:GAC>AAG, 155:CGG>CGA","M:D>K, S:R>R",D20K
3,101144,222.3,1,199:A>T,1,20:GAC>GTC,M:D>V,D20V
33,101128,319.9,1,200:C>T,1,20:GAC>GAT,S:D>D,
8,101086,330.9,1,201:G>A,1,21:GGT>AGT,M:G>S,G21S
13,101118,334.8,1,202:G>A,1,21:GGT>GAT,M:G>D,G21D
7,101118,266.3,1,202:G>T,1,21:GGT>GTT,M:G>V,G21V
3,101119,364.7,1,204:G>-,4,"22:FS, 22:GGC>GCC, 23:CGG>GGC, 24:CTG>TGA","FS, M:G>A, M:R>G, N:L>X",G22Afs*3
16,101119,281.9,1,204:G>A,1,22:GGC>AGC,M:G>S,G22S
13,101176,275.2,1,205:G>T,1,22:GGC>GTC,M:G>V,G22V
16,101173,269.2,1,206:C>T,1,22:GGC>GGT,S:G>G,
3,101186,275.7,1,207:C>G,1,23:CGG>GGG,M:R>G,R23G
10,101165,331.2,1,209:G>A,1,23:CGG>CGA,S:R>R,
6,101165,210.5,1,209:G>T,1,23:CGG>CGT,S:R>R,
8,101173,263.5,1,210:C>T,1,24:CTG>TTG,S:L>L,
3,94711,364.0,2,"211:T>A, 605:G>A",2,"24:CTG>CAG, 155:CGG>CGA","M:L>Q, S:R>R",L24Q
14,101172,297.6,1,212:G>A,1,24:CTG>CTA,S:L>L,
3,101140,313.7,1,213:A>T,1,25:ACC>TCC,M:T>S,T25S
4,101120,304.5,1,215:C>A,1,25:ACC>ACA,S:T>T,
24,101120,310.3,1,215:C>T,1,25:ACC>ACT,S:T>T,
3,94740,322.3,3,"216:G>C, 217:A>C, 605:G>A",2,"26:GAG>CCG, 155:CGG>CGA","M:E>P, S:R>R",E26P
7,101094,326.0,1,217:A>G,1,26:GAG>GGG,M:E>G,E26G
7,101091,296.6,1,218:G>A,1,26:GAG>GAA,S:E>E,
9,101102,261.4,1,219:A>T,1,27:ATG>TTG,M:M>L,M27L
9,101192,287.7,1,221:G>A,1,27:ATG>ATA,M:M>I,M27I
3,101192,284.0,1,221:G>T,1,27:ATG>ATT,M:M>I,M27I
4,94911,283.5,2,"222:G>A, 605:G>A",2,"28:GCC>ACC, 155:CGG>CGA","M:A>T, S:R>R",A28T
8,101257,240.5,1,222:G>T,1,28:GCC>TCC,M:A>S,A28S
3,101123,273.0,2,"223:C>G, 230:G>A",2,"28:GCC>GGC, 30:CCG>CCA","M:A>G, S:P>P",A28G
30,101201,337.2,1,223:C>T,1,28:GCC>GTC,M:A>V,A28V
5,101195,343.0,1,224:C>A,1,28:GCC>GCA,S:A>A,
24,101195,348.8,1,224:C>T,1,28:GCC>GCT,S:A>A,
4,94921,396.0,3,"225:C>A, 227:G>C, 605:G>A",2,"29:CTG>ATC, 155:CGG>CGA","M:L>I, S:R>R",L29I
3,94921,362.3,2,"225:C>A, 605:G>A",2,"29:CTG>ATG, 155:CGG>CGA","M:L>M, S:R>R",L29M
10,101188,322.6,1,225:C>T,1,29:CTG>TTG,S:L>L,
3,97997,413.3,2,"225:C>T, 526:C>A",2,"29:CTG>TTG, 129:CCC>CAC","S:L>L, M:P>H",P129H
17,101294,348.8,1,227:G>A,1,29:CTG>CTA,S:L>L,
6,101294,274.0,1,227:G>C,1,29:CTG>CTC,S:L>L,
3,101295,348.3,1,228:C>A,1,30:CCG>ACG,M:P>T,P30T
10,101308,305.3,1,230:G>A,1,30:CCG>CCA,S:P>P,
3,95035,381.3,2,"231:T>A, 605:G>A",2,"31:TCC>ACC, 155:CGG>CGA","M:S>T, S:R>R",S31T
6,101292,319.5,1,231:T>C,1,31:TCC>CCC,M:S>P,S31P
4,95057,343.2,2,"233:C>G, 605:G>A",2,"31:TCC>TCG, 155:CGG>CGA","S:S>S, S:R>R",
7,101335,303.4,1,233:C>T,1,31:TCC>TCT,S:S>S,
5,101309,309.0,1,235:A>G,1,32:GAG>GGG,M:E>G,E32G
3,95095,368.7,2,"235:A>T, 605:G>A",2,"32:GAG>GTG, 155:CGG>CGA","M:E>V, S:R>R",E32V
6,101309,319.3,1,236:G>A,1,32:GAG>GAA,S:E>E,
4,101309,347.2,1,236:G>T,1,32:GAG>GAT,M:E>D,E32D
4,98586,406.5,3,"237:T>C, 238:T>C, 483:G>T",2,"33:TTG>CCG, 115:GCC>TCC","M:L>P, M:A>S",L33P;A115S
3,95103,345.3,2,"237:T>C, 605:G>A",2,"33:TTG>CTG, 155:CGG>CGA","S:L>L, S:R>R",
4,95127,301.0,2,"238:T>C, 605:G>A",2,"33:TTG>TCG, 155:CGG>CGA","M:L>S, S:R>R",L33S
6,101352,295.7,1,239:G>A,1,33:TTG>TTA,S:L>L,
4,101352,424.8,1,239:G>T,1,33:TTG>TTT,M:L>F,L33F
8,101349,290.5,1,240:C>-,108,"34:FS, 34:CCA>CAC, 35:CTG>TGC, 36:CGC>GCG, 37:GAG>AGA, 38:ATC>TCC, 39:CTG>TGC, 40:CCC>CCG, 41:GCG>CGG, 42:GTC>TCC, 43:CAG>AGC, 44:CGC>GCA, 45:ATC>TCG, 46:GTG>TGC, 47:CAG>AGC, 48:CCC>CCG, 49:GCC>CCC, 50:CGT>GTG, 51:GAG>AGA, 52:AAC>ACG, 53:GAC>ACG, 54:GGT>GTG, 55:GCC>CCG, 56:GCC>CCG, 57:GAT>ATC, 58:CCG>CGG, 59:GCC>CCG, 60:GCA>CAG, 61:GCG>CGC, 62:CCG>CGA, 63:AAC>ACC, 64:CCG>CGG, 65:GTG>TGC, 66:CGG>GGC, 67:CTC>TCA, 68:AGC>GCC, 69:CTC>TCG, 70:GCT>CTC, 71:CCG>CGA, 72:ATC>TCG, 73:GGC>GCG, 74:GGT>GTG, 75:GCG>CGC, 76:CCG>CGT, 77:TTC>TCA, 78:AGC>GCT, 79:TTG>TGG, 80:GAC>ACG, 81:GCC>CCA, 82:ACG>CGC, 83:CTC>TCG, 84:GAC>ACA, 85:ACG>CGG, 86:GTC>TCG, 87:GGC>GCG, 88:GTC>TCG, 89:GTC>TCG, 90:GAC>ACG, 91:GGT>GTG, 92:GAT>ATC, 93:CTG>TGC, 94:CTC>TCG, 95:GCG>CGC, 96:CTG>TGC, 97:CAG>AGG, 98:GCG>CGG, 99:GTC>TCC, 100:CCG>CGT, 101:TCC>CCG, 102:GGA>GAC, 103:CCG>CGC, 104:CCC>CCG, 105:GCG>CGC, 106:CCG>CGC, 107:CGG>GGA, 108:ATC>TCG, 109:GTG>TGG, 110:GAG>AGG, 111:GAC>ACA, 112:ATC>TCG, 113:GCC>CCG, 114:GAC>ACG, 115:GCC>CCG, 116:GCG>CGG, 117:GTC>TCA, 118:ATC>TCT, 119:TTC>TCT, 120:TCC>CCG, 121:GAG>AGG, 122:GCA>CAC, 123:CGC>GCA, 124:AGG>GGC, 125:CGC>GCC, 126:CAG>AGT, 127:TGG>GGG, 128:GGT>GTC, 129:CCC>CCA, 130:ACG>CGC, 131:CAC>ACA, 132:ATC>TCG, 133:GCG>CGC, 134:CGT>GTG, 135:GGT>GTG, 136:GCG>CGG, 137:GCG>CGC, 138:CTC>TCG, 139:GCG>CGC, 140:CTG>TGA","FS, M:P>H, M:L>C, M:R>A, M:E>R, M:I>S, M:L>C, S:P>P, M:A>R, M:V>S, M:Q>S, M:R>A, M:I>S, M:V>C, M:Q>S, S:P>P, M:A>P, M:R>V, M:E>R, M:N>T, M:D>T, M:G>V, M:A>P, M:A>P, M:D>I, M:P>R, M:A>P, M:A>Q, M:A>R, M:P>R, M:N>T, M:P>R, M:V>C, M:R>G, M:L>S, M:S>A, M:L>S, M:A>L, M:P>R, M:I>S, M:G>A, M:G>V, M:A>R, M:P>R, M:F>S, M:S>A, M:L>W, M:D>T, M:A>P, M:T>R, M:L>S, M:D>T, M:T>R, M:V>S, M:G>A, M:V>S, M:V>S, M:D>T, M:G>V, M:D>I, M:L>C, M:L>S, M:A>R, M:L>C, M:Q>R, M:A>R, M:V>S, M:P>R, M:S>P, M:G>D, M:P>R, S:P>P, M:A>R, M:P>R, M:R>G, M:I>S, M:V>W, M:E>R, M:D>T, M:I>S, M:A>P, M:D>T, M:A>P, M:A>R, M:V>S, M:I>S, M:F>S, M:S>P, M:E>R, M:A>H, M:R>A, M:R>G, M:R>A, M:Q>S, M:W>G, M:G>V, S:P>P, M:T>R, M:H>T, M:I>S, M:A>R, M:R>V, M:G>V, M:A>R, M:A>R, M:L>S, M:A>R, N:L>X",P34Hfs*107
8,101349,314.8,1,240:C>A,1,34:CCA>ACA,M:P>T,P34T
3,95149,299.0,4,"240:C>A, 241:C>T, 242:A>C, 605:G>A",2,"34:CCA>ATC, 155:CGG>CGA","M:P>I, S:R>R",P34I
8,101349,254.4,1,240:C>G,1,34:CCA>GCA,M:P>A,P34A
12,101349,330.2,1,240:C>T,1,34:CCA>TCA,M:P>S,P34S
3,95149,362.0,4,"240:C>T, 241:C>A, 242:A>C, 605:G>A",2,"34:CCA>TAC, 155:CGG>CGA","M:P>Y, S:R>R",P34Y
3,101345,257.7,1,241:C>A,1,34:CCA>CAA,M:P>Q,P34Q
21,101345,309.3,1,241:C>T,1,34:CCA>CTA,M:P>L,P34L
4,101344,352.0,1,242:A>C,1,34:CCA>CCC,S:P>P,
6,101344,297.2,1,242:A>T,1,34:CCA>CCT,S:P>P,
3,95176,308.7,2,"243:C>A, 605:G>A",2,"35:CTG>ATG, 155:CGG>CGA","M:L>M, S:R>R",L35M
5,101337,251.8,1,243:C>T,1,35:CTG>TTG,S:L>L,
8,101425,295.9,1,245:G>A,1,35:CTG>CTA,S:L>L,
4,101447,257.2,1,246:C>A,1,36:CGC>AGC,M:R>S,R36S
4,101425,354.0,1,247:G>T,1,36:CGC>CTC,M:R>L,R36L
3,98788,518.0,3,"247:G>T, 248:C>G, 503:G>T",2,"36:CGC>CTG, 121:GAG>GAT","M:R>L, M:E>D",R36L;E121D
10,101436,278.0,1,248:C>T,1,36:CGC>CGT,S:R>R,
6,101393,272.8,1,250:A>G,1,37:GAG>GGG,M:E>G,E37G
8,101344,327.0,1,251:G>A,1,37:GAG>GAA,S:E>E,
4,101344,335.5,1,251:G>T,1,37:GAG>GAT,M:E>D,E37D
6,101307,349.7,1,252:A>G,1,38:ATC>GTC,M:I>V,I38V
4,95301,404.5,2,"253:T>C, 605:G>A",2,"38:ATC>ACC, 155:CGG>CGA","M:I>T, S:R>R",I38T
9,101333,343.0,1,254:C>T,1,38:ATC>ATT,S:I>I,
10,101360,340.9,1,255:C>T,1,39:CTG>TTG,S:L>L,
15,101353,328.3,1,257:G>A,1,39:CTG>CTA,S:L>L,
4,101353,375.0,1,257:G>T,1,39:CTG>CTT,S:L>L,
6,101012,244.3,1,258:C>-,102,"40:FS, 40:CCC>CCG, 41:GCG>CGG, 42:GTC>TCC, 43:CAG>AGC, 44:CGC>GCA, 45:ATC>TCG, 46:GTG>TGC, 47:CAG>AGC, 48:CCC>CCG, 49:GCC>CCC, 50:CGT>GTG, 51:GAG>AGA, 52:AAC>ACG, 53:GAC>ACG, 54:GGT>GTG, 55:GCC>CCG, 56:GCC>CCG, 57:GAT>ATC, 58:CCG>CGG, 59:GCC>CCG, 60:GCA>CAG, 61:GCG>CGC, 62:CCG>CGA, 63:AAC>ACC, 64:CCG>CGG, 65:GTG>TGC, 66:CGG>GGC, 67:CTC>TCA, 68:AGC>GCC, 69:CTC>TCG, 70:GCT>CTC, 71:CCG>CGA, 72:ATC>TCG, 73:GGC>GCG, 74:GGT>GTG, 75:GCG>CGC, 76:CCG>CGT, 77:TTC>TCA, 78:AGC>GCT, 79:TTG>TGG, 80:GAC>ACG, 81:GCC>CCA, 82:ACG>CGC, 83:CTC>TCG, 84:GAC>ACA, 85:ACG>CGG, 86:GTC>TCG, 87:GGC>GCG, 88:GTC>TCG, 89:GTC>TCG, 90:GAC>ACG, 91:GGT>GTG, 92:GAT>ATC, 93:CTG>TGC, 94:CTC>TCG, 95:GCG>CGC, 96:CTG>TGC, 97:CAG>AGG, 98:GCG>CGG, 99:GTC>TCC, 100:CCG>CGT, 101:TCC>CCG, 102:GGA>GAC, 103:CCG>CGC, 104:CCC>CCG, 105:GCG>CGC, 106:CCG>CGC, 107:CGG>GGA, 108:ATC>TCG, 109:GTG>TGG, 110:GAG>AGG, 111:GAC>ACA, 112:ATC>TCG, 113:GCC>CCG, 114:GAC>ACG, 115:GCC>CCG, 116:GCG>CGG, 117:GTC>TCA, 118:ATC>TCT, 119:TTC>TCT, 120:TCC>CCG, 121:GAG>AGG, 122:GCA>CAC, 123:CGC>GCA, 124:AGG>GGC, 125:CGC>GCC, 126:CAG>AGT, 127:TGG>GGG, 128:GGT>GTC, 129:CCC>CCA, 130:ACG>CGC, 131:CAC>ACA, 132:ATC>TCG, 133:GCG>CGC, 134:CGT>GTG, 135:GGT>GTG, 136:GCG>CGG, 137:GCG>CGC, 138:CTC>TCG, 139:GCG>CGC, 140:CTG>TGA","FS, S:P>P, M:A>R, M:V>S, M:Q>S, M:R>A, M:I>S, M:V>C, M:Q>S, S:P>P, M:A>P, M:R>V, M:E>R, M:N>T, M:D>T, M:G>V, M:A>P, M:A>P, M:D>I, M:P>R, M:A>P, M:A>Q, M:A>R, M:P>R, M:N>T, M:P>R, M:V>C, M:R>G, M:L>S, M:S>A, M:L>S, M:A>L, M:P>R, M:I>S, M:G>A, M:G>V, M:A>R, M:P>R, M:F>S, M:S>A, M:L>W, M:D>T, M:A>P, M:T>R, M:L>S, M:D>T, M:T>R, M:V>S, M:G>A, M:V>S, M:V>S, M:D>T, M:G>V, M:D>I, M:L>C, M:L>S, M:A>R, M:L>C, M:Q>R, M:A>R, M:V>S, M:P>R, M:S>P, M:G>D, M:P>R, S:P>P, M:A>R, M:P>R, M:R>G, M:I>S, M:V>W, M:E>R, M:D>T, M:I>S, M:A>P, M:D>T, M:A>P, M:A>R, M:V>S, M:I>S, M:F>S, M:S>P, M:E>R, M:A>H, M:R>A, M:R>G, M:R>A, M:Q>S, M:W>G, M:G>V, S:P>P, M:T>R, M:H>T, M:I>S, M:A>R, M:R>V, M:G>V, M:A>R, M:A>R, M:L>S, M:A>R, N:L>X",A41Rfs*100
3,95333,447.0,2,"258:C>A, 605:G>A",2,"40:CCC>ACC, 155:CGG>CGA","M:P>T, S:R>R",P40T
6,101012,375.0,1,258:C>T,1,40:CCC>TCC,M:P>S,P40S
3,95333,463.0,2,"259:C>A, 605:G>A",2,"40:CCC>CAC, 155:CGG>CGA","M:P>H, S:R>R",P40H
15,100937,265.5,1,259:C>T,1,40:CCC>CTC,M:P>L,P40L
5,100918,335.2,1,260:C>A,1,40:CCC>CCA,S:P>P,
9,100918,368.8,1,260:C>T,1,40:CCC>CCT,S:P>P,
16,100898,317.0,1,261:G>A,1,41:GCG>ACG,M:A>T,A41T
3,95333,430.0,4,"261:G>A, 262:C>A, 263:G>C, 605:G>A",2,"41:GCG>AAC, 155:CGG>CGA","M:A>N, S:R>R",A41N
3,95333,287.7,2,"261:G>T, 605:G>A",2,"41:GCG>TCG, 155:CGG>CGA","M:A>S, S:R>R",A41S
16,100864,340.8,1,263:G>A,1,41:GCG>GCA,S:A>A,
3,100864,337.3,1,263:G>T,1,41:GCG>GCT,S:A>A,
3,95334,331.3,3,"264:G>T, 265:T>A, 605:G>A",2,"42:GTC>TAC, 155:CGG>CGA","M:V>Y, S:R>R",V42Y
11,100763,363.7,1,266:C>T,1,42:GTC>GTT,S:V>V,
3,95335,347.0,2,"267:C>A, 605:G>A",2,"43:CAG>AAG, 155:CGG>CGA","M:Q>K, S:R>R",Q43K
3,100381,354.3,2,"267:C>G, 268:A>C",1,43:CAG>GCG,M:Q>A,Q43A
4,100381,312.0,2,"267:C>G, 268:A>G",1,43:CAG>GGG,M:Q>G,Q43G
14,100381,296.1,1,268:A>G,1,43:CAG>CGG,M:Q>R,Q43R
3,95335,448.7,2,"270:C>T, 605:G>A",2,"44:CGC>TGC, 155:CGG>CGA","M:R>C, S:R>R",R44C
4,100381,330.2,1,273:A>G,1,45:ATC>GTC,M:I>V,I45V
3,100349,314.7,2,"273:A>T, 274:T>C",1,45:ATC>TCC,M:I>S,I45S
3,95349,458.0,2,"273:A>T, 605:G>A",2,"45:ATC>TTC, 155:CGG>CGA","M:I>F, S:R>R",I45F
3,100354,382.3,1,275:C>T,1,45:ATC>ATT,S:I>I,
3,98812,413.0,6,"276:G>A, 277:T>A, 278:G>C, 513:C>T, 514:G>C, 515:C>G",2,"46:GTG>AAC, 125:CGC>TCG","M:V>N, M:R>S",V46N;R125S
3,97179,383.3,3,"276:G>A, 277:T>A, 574:T>C",2,"46:GTG>AAG, 145:CTC>CCC","M:V>K, M:L>P",V46K;L145P
14,100355,394.1,1,277:T>C,1,46:GTG>GCG,M:V>A,V46A
13,100367,394.5,1,278:G>A,1,46:GTG>GTA,S:V>V,
4,97045,360.0,4,"279:C>T, 281:G>C, 582:A>G, 584:G>C",2,"47:CAG>TAC, 148:ACG>GCC","M:Q>Y, M:T>A",Q47Y;T148A
7,100364,390.9,1,280:A>G,1,47:CAG>CGG,M:Q>R,Q47R
4,100363,393.8,1,281:G>A,1,47:CAG>CAA,S:Q>Q,
4,100363,354.5,1,281:G>T,1,47:CAG>CAT,M:Q>H,Q47H
6,100024,459.5,3,"281:G>T, 289:G>T, 290:T>G",2,"47:CAG>CAT, 50:CGT>CTG","M:Q>H, M:R>L",Q47H;R50L
8,100352,377.0,1,282:C>T,1,48:CCC>TCC,M:P>S,P48S
5,100298,289.6,1,284:C>A,1,48:CCC>CCA,S:P>P,
13,100298,380.9,1,284:C>T,1,48:CCC>CCT,S:P>P,
7,100239,310.7,1,285:G>C,1,49:GCC>CCC,M:A>P,A49P
7,100239,363.1,1,285:G>T,1,49:GCC>TCC,M:A>S,A49S
6,100090,314.8,1,286:C>T,1,49:GCC>GTC,M:A>V,A49V
6,100077,380.8,1,287:C>T,1,49:GCC>GCT,S:A>A,
5,100068,286.6,1,288:C>A,1,50:CGT>AGT,M:R>S,R50S
6,100068,287.5,1,288:C>T,1,50:CGT>TGT,M:R>C,R50C
11,100062,446.4,1,289:G>A,1,50:CGT>CAT,M:R>H,R50H
4,100019,425.5,1,292:A>G,1,51:GAG>GGG,M:E>G,E51G
4,99943,432.5,1,293:G>A,1,51:GAG>GAA,S:E>E,
4,99890,336.2,2,"294:A>C, 295:A>C",1,52:AAC>CCC,M:N>P,N52P
4,99890,439.0,1,295:A>G,1,52:AAC>AGC,M:N>S,N52S
4,99734,423.2,1,296:C>T,1,52:AAC>AAT,S:N>N,
3,95378,511.7,4,"300:G>T, 301:G>T, 302:T>C, 605:G>A",2,"54:GGT>TTC, 155:CGG>CGA","M:G>F, S:R>R",G54F
4,99707,316.8,1,301:G>A,1,54:GGT>GAT,M:G>D,G54D
3,99667,392.0,1,303:G>T,1,55:GCC>TCC,M:A>S,A55S
8,99651,429.5,1,305:C>T,1,55:GCC>GCT,S:A>A,
6,99645,400.0,1,306:G>T,1,56:GCC>TCC,M:A>S,A56S
4,99616,404.8,1,309:G>A,1,57:GAT>AAT,M:D>N,D57N
3,99605,409.7,1,312:C>G,1,58:CCG>GCG,M:P>A,P58A
6,99584,461.0,1,314:G>A,1,58:CCG>CCA,S:P>P,
3,99584,518.0,1,314:G>T,1,58:CCG>CCT,S:P>P,
3,99575,402.3,1,315:G>T,1,59:GCC>TCC,M:A>S,A59S
3,95381,457.3,4,"315:G>T, 316:C>G, 317:C>G, 605:G>A",2,"59:GCC>TGG, 155:CGG>CGA","M:A>W, S:R>R",A59W
5,99573,452.8,1,316:C>T,1,59:GCC>GTC,M:A>V,A59V
5,99532,491.2,1,320:A>G,1,60:GCA>GCG,S:A>A,
5,99532,465.8,1,323:G>A,1,61:GCG>GCA,S:A>A,
5,99425,518.0,1,329:C>T,1,63:AAC>AAT,S:N>N,
3,99421,441.3,1,332:G>A,1,64:CCG>CCA,S:P>P,
3,99421,466.7,1,332:G>T,1,64:CCG>CCT,S:P>P,
3,99343,522.0,1,350:T>A,1,70:GCT>GCA,S:A>A,
3,99176,525.0,1,359:C>T,1,73:GGC>GGT,S:G>G,
5,99145,517.8,1,365:G>A,1,75:GCG>GCA,S:A>A,
3,99122,513.7,1,377:G>A,1,79:TTG>TTA,S:L>L,
4,99101,504.0,1,380:C>T,1,80:GAC>GAT,S:D>D,
3,99048,521.3,1,392:C>T,1,84:GAC>GAT,S:D>D,
3,99048,522.0,1,393:A>G,1,85:ACG>GCG,M:T>A,T85A
3,99037,521.7,1,404:C>T,1,88:GTC>GTT,S:V>V,
3,99036,515.3,1,440:G>A,1,100:CCG>CCA,S:P>P,
3,99037,411.3,1,446:A>G,1,102:GGA>GGG,S:G>G,
3,99037,521.0,1,452:C>T,1,104:CCC>CCT,S:P>P,
4,99039,480.2,1,455:G>A,1,105:GCG>GCA,S:A>A,
3,99068,464.3,1,467:G>A,1,109:GTG>GTA,S:V>V,
4,99074,457.8,1,476:C>T,1,112:ATC>ATT,S:I>I,
3,99088,404.7,1,479:C>A,1,113:GCC>GCA,S:A>A,
10,99088,425.6,1,479:C>T,1,113:GCC>GCT,S:A>A,
5,99102,437.6,1,482:C>T,1,114:GAC>GAT,S:D>D,
5,99149,395.0,1,484:C>T,1,115:GCC>GTC,M:A>V,A115V
4,99169,369.2,1,485:C>T,1,115:GCC>GCT,S:A>A,
6,99190,440.0,1,488:G>A,1,116:GCG>GCA,S:A>A,
5,99218,343.0,1,491:C>T,1,117:GTC>GTT,S:V>V,
3,99225,387.0,1,492:A>G,1,118:ATC>GTC,M:I>V,I118V
5,99229,352.2,1,493:T>G,1,118:ATC>AGC,M:I>S,I118S
6,99238,354.7,1,494:C>T,1,118:ATC>ATT,S:I>I,
3,99255,454.3,1,495:T>C,1,119:TTC>CTC,M:F>L,F119L
3,99289,275.3,1,496:T>C,1,119:TTC>TCC,M:F>S,F119S
3,95604,470.7,3,"496:T>C, 497:C>G, 605:G>A",2,"119:TTC>TCG, 155:CGG>CGA","M:F>S, S:R>R",F119S
6,99289,326.0,1,497:C>T,1,119:TTC>TTT,S:F>F,
11,99302,351.1,1,498:T>C,1,120:TCC>CCC,M:S>P,S120P
8,99352,388.0,1,500:C>A,1,120:TCC>TCA,S:S>S,
13,99352,356.2,1,500:C>T,1,120:TCC>TCT,S:S>S,
3,99502,260.7,1,503:G>A,1,121:GAG>GAA,S:E>E,
10,99500,312.0,1,504:G>A,1,122:GCA>ACA,M:A>T,A122T
6,99526,381.8,1,505:C>T,1,122:GCA>GTA,M:A>V,A122V
5,99525,308.6,2,"505:C>T, 506:A>C",1,122:GCA>GTC,M:A>V,A122V
21,99544,292.1,1,506:A>G,1,122:GCA>GCG,S:A>A,
3,99557,365.0,1,507:C>A,1,123:CGC>AGC,M:R>S,R123S
4,99572,335.5,1,508:G>C,1,123:CGC>CCC,M:R>P,R123P
7,99572,360.3,1,508:G>T,1,123:CGC>CTC,M:R>L,R123L
5,99564,269.6,1,509:C>T,1,123:CGC>CGT,S:R>R,
9,99570,329.9,1,510:A>G,1,124:AGG>GGG,M:R>G,R124G
3,95806,361.7,2,"510:A>T, 605:G>A",2,"124:AGG>TGG, 155:CGG>CGA","M:R>W, S:R>R",R124W
8,99549,345.6,1,512:G>A,1,124:AGG>AGA,S:R>R,
12,99549,263.7,1,512:G>C,1,124:AGG>AGC,M:R>S,R124S
4,99546,367.2,1,513:C>A,1,125:CGC>AGC,M:R>S,R125S
4,99457,339.0,1,514:G>C,1,125:CGC>CCC,M:R>P,R125P
3,99468,357.3,1,515:C>A,1,125:CGC>CGA,S:R>R,
10,99468,254.5,1,515:C>G,1,125:CGC>CGG,S:R>R,
5,99468,276.8,1,515:C>T,1,125:CGC>CGT,S:R>R,
3,99447,268.3,1,517:A>G,1,126:CAG>CGG,M:Q>R,Q126R
4,99453,403.5,1,518:G>A,1,126:CAG>CAA,S:Q>Q,
3,95873,319.3,3,"519:T>A, 520:G>T, 605:G>A",2,"127:TGG>ATG, 155:CGG>CGA","M:W>M, S:R>R",W127M
6,99454,313.5,1,519:T>C,1,127:TGG>CGG,M:W>R,W127R
6,99428,315.5,1,520:G>-,14,"127:FS, 128:GGT>GTC, 129:CCC>CCA, 130:ACG>CGC, 131:CAC>ACA, 132:ATC>TCG, 133:GCG>CGC, 134:CGT>GTG, 135:GGT>GTG, 136:GCG>CGG, 137:GCG>CGC, 138:CTC>TCG, 139:GCG>CGC, 140:CTG>TGA","FS, M:G>V, S:P>P, M:T>R, M:H>T, M:I>S, M:A>R, M:R>V, M:G>V, M:A>R, M:A>R, M:L>S, M:A>R, N:L>X",G128Vfs*13
5,99390,347.8,1,521:G>T,1,127:TGG>TGT,M:W>C,W127C
8,99388,298.6,1,522:G>A,1,128:GGT>AGT,M:G>S,G128S
7,99388,297.4,1,522:G>T,1,128:GGT>TGT,M:G>C,G128C
8,99363,357.9,1,523:G>A,1,128:GGT>GAT,M:G>D,G128D
12,99343,263.0,1,524:T>G,1,128:GGT>GGG,S:G>G,
3,99331,413.0,1,525:C>-,13,"129:FS, 129:CCC>CCA, 130:ACG>CGC, 131:CAC>ACA, 132:ATC>TCG, 133:GCG>CGC, 134:CGT>GTG, 135:GGT>GTG, 136:GCG>CGG, 137:GCG>CGC, 138:CTC>TCG, 139:GCG>CGC, 140:CTG>TGA","FS, S:P>P, M:T>R, M:H>T, M:I>S, M:A>R, M:R>V, M:G>V, M:A>R, M:A>R, M:L>S, M:A>R, N:L>X",T130Rfs*11
3,99023,347.3,3,"525:C>A, 526:C>A, 543:G>T",2,"129:CCC>AAC, 135:GGT>TGT","M:P>N, M:G>C",P129N;G135C
3,95900,423.3,3,"525:C>G, 526:C>A, 605:G>A",2,"129:CCC>GAC, 155:CGG>CGA","M:P>D, S:R>R",P129D
9,99331,261.0,1,525:C>T,1,129:CCC>TCC,M:P>S,P129S
8,99306,306.1,1,526:C>T,1,129:CCC>CTC,M:P>L,P129L
5,99306,397.0,1,527:C>A,1,129:CCC>CCA,S:P>P,
10,99306,347.1,1,527:C>T,1,129:CCC>CCT,S:P>P,
5,99309,308.8,1,528:A>G,1,130:ACG>GCG,M:T>A,T130A
3,99279,330.7,2,"529:C>G, 530:G>C",1,130:ACG>AGC,M:T>S,T130S
23,99296,328.0,1,530:G>A,1,130:ACG>ACA,S:T>T,
3,99296,218.7,1,530:G>T,1,130:ACG>ACT,S:T>T,
3,95960,374.0,2,"531:C>T, 605:G>A",2,"131:CAC>TAC, 155:CGG>CGA","M:H>Y, S:R>R",H131Y
8,99307,337.0,1,532:A>T,1,131:CAC>CTC,M:H>L,H131L
5,99309,261.2,1,533:C>T,1,131:CAC>CAT,S:H>H,
3,99350,367.3,1,535:T>A,1,132:ATC>AAC,M:I>N,I132N
9,99350,268.6,1,535:T>C,1,132:ATC>ACC,M:I>T,I132T
5,99360,270.6,1,536:C>A,1,132:ATC>ATA,S:I>I,
19,99360,306.6,1,536:C>T,1,132:ATC>ATT,S:I>I,
5,99375,370.0,1,537:G>A,1,133:GCG>ACG,M:A>T,A133T
8,99426,340.4,1,538:C>T,1,133:GCG>GTG,M:A>V,A133V
4,99416,217.5,1,539:G>A,1,133:GCG>GCA,S:A>A,
4,99412,274.8,1,540:C>A,1,134:CGT>AGT,M:R>S,R134S
3,96068,445.3,4,"540:C>A, 541:G>A, 542:T>C, 605:G>A",2,"134:CGT>AAC, 155:CGG>CGA","M:R>N, S:R>R",R134N
9,99412,339.7,1,540:C>T,1,134:CGT>TGT,M:R>C,R134C
8,99394,381.2,1,541:G>A,1,134:CGT>CAT,M:R>H,R134H
4,99394,297.2,1,541:G>T,1,134:CGT>CTT,M:R>L,R134L
3,99377,169.0,1,542:T>G,1,134:CGT>CGG,S:R>R,
9,99363,336.3,1,543:G>A,1,135:GGT>AGT,M:G>S,G135S
7,99323,297.6,1,544:G>A,1,135:GGT>GAT,M:G>D,G135D
3,99323,309.3,1,544:G>T,1,135:GGT>GTT,M:G>V,G135V
3,99313,370.7,1,545:T>A,1,135:GGT>GGA,S:G>G,
7,99313,289.9,1,545:T>C,1,135:GGT>GGC,S:G>G,
45,99219,298.5,1,547:C>T,1,136:GCG>GTG,M:A>V,A136V
3,96106,393.3,2,"547:C>T, 605:G>A",2,"136:GCG>GTG, 155:CGG>CGA","M:A>V, S:R>R",A136V
17,99212,290.6,1,548:G>A,1,136:GCG>GCA,S:A>A,
5,99212,284.0,1,548:G>T,1,136:GCG>GCT,S:A>A,
6,99182,351.2,1,549:G>A,1,137:GCG>ACG,M:A>T,A137T
4,99182,343.2,1,549:G>T,1,137:GCG>TCG,M:A>S,A137S
27,99076,333.5,1,550:C>T,1,137:GCG>GTG,M:A>V,A137V
25,98875,309.0,1,551:G>A,1,137:GCG>GCA,S:A>A,
3,98875,447.0,1,551:G>T,1,137:GCG>GCT,S:A>A,
3,97880,392.0,3,"552:C>G, 554:C>G, 581:C>A",2,"138:CTC>GTG, 147:GGC>GGA","M:L>V, S:G>G",L138V
5,98724,351.8,1,553:T>C,1,138:CTC>CCC,M:L>P,L138P
3,96122,291.3,2,"554:C>G, 605:G>A",2,"138:CTC>CTG, 155:CGG>CGA","S:L>L, S:R>R",
8,98722,351.9,1,554:C>T,1,138:CTC>CTT,S:L>L,
8,98638,294.4,1,555:G>A,1,139:GCG>ACG,M:A>T,A139T
5,98638,384.8,1,555:G>T,1,139:GCG>TCG,M:A>S,A139S
14,98642,331.5,1,556:C>T,1,139:GCG>GTG,M:A>V,A139V
14,98647,349.8,1,557:G>A,1,139:GCG>GCA,S:A>A,
8,98647,208.8,1,557:G>T,1,139:GCG>GCT,S:A>A,
6,98612,313.7,1,558:C>A,1,140:CTG>ATG,M:L>M,L140M
7,98612,267.9,1,558:C>T,1,140:CTG>TTG,S:L>L,
10,98613,288.2,1,559:T>C,1,140:CTG>CCG,M:L>P,L140P
10,98574,370.9,1,560:G>A,1,140:CTG>CTA,S:L>L,
4,98574,309.0,1,560:G>T,1,140:CTG>CTT,S:L>L,
4,98544,351.0,1,561:A>G,1,141:ATC>GTC,M:I>V,I141V
3,98534,256.7,1,562:T>C,1,141:ATC>ACC,M:I>T,I141T
13,98534,211.3,1,562:T>G,1,141:ATC>AGC,M:I>S,I141S
20,98532,288.0,1,563:C>T,1,141:ATC>ATT,S:I>I,
3,98493,372.7,1,564:G>-,3,"142:FS, 142:GGG>GGC, 143:CTG>TGA","FS, S:G>G, N:L>X",L143X
15,98493,276.2,1,564:G>A,1,142:GGG>AGG,M:G>R,G142R
10,98493,313.1,1,564:G>T,1,142:GGG>TGG,M:G>W,G142W
12,98476,280.8,1,565:G>A,1,142:GGG>GAG,M:G>E,G142E
10,98476,299.4,1,565:G>T,1,142:GGG>GTG,M:G>V,G142V
13,98448,306.9,1,566:G>A,1,142:GGG>GGA,S:G>G,
4,98448,302.0,1,566:G>T,1,142:GGG>GGT,S:G>G,
3,98423,358.0,1,567:C>A,1,143:CTG>ATG,M:L>M,L143M
10,98423,280.7,1,567:C>T,1,143:CTG>TTG,S:L>L,
4,98391,324.0,1,568:T>A,1,143:CTG>CAG,M:L>Q,L143Q
11,98391,294.5,1,568:T>C,1,143:CTG>CCG,M:L>P,L143P
7,98344,459.3,1,569:G>A,1,143:CTG>CTA,S:L>L,
6,98344,390.7,1,569:G>T,1,143:CTG>CTT,S:L>L,
6,98199,321.7,1,571:T>C,1,144:ATC>ACC,M:I>T,I144T
11,98199,172.5,1,571:T>G,1,144:ATC>AGC,M:I>S,I144S
3,98180,216.0,1,572:C>T,1,144:ATC>ATT,S:I>I,
6,98113,288.8,1,574:T>C,1,145:CTC>CCC,M:L>P,L145P
3,98106,267.3,1,575:C>A,1,145:CTC>CTA,S:L>L,
11,98106,290.4,1,575:C>T,1,145:CTC>CTT,S:L>L,
13,98080,342.1,1,576:G>A,1,146:GTC>ATC,M:V>I,V146I
3,98080,312.3,1,577:T>A,1,146:GTC>GAC,M:V>D,V146D
22,98084,333.0,1,578:C>T,1,146:GTC>GTT,S:V>V,
18,98059,303.0,1,579:G>A,1,147:GGC>AGC,M:G>S,G147S
4,98059,323.0,1,579:G>T,1,147:GGC>TGC,M:G>C,G147C
11,98049,316.1,1,580:G>A,1,147:GGC>GAC,M:G>D,G147D
3,96246,227.3,2,"580:G>A, 605:G>A",2,"147:GGC>GAC, 155:CGG>CGA","M:G>D, S:R>R",G147D
10,98049,267.1,1,580:G>T,1,147:GGC>GTC,M:G>V,G147V
12,98071,310.0,1,581:C>T,1,147:GGC>GGT,S:G>G,
7,98074,311.7,1,582:A>G,1,148:ACG>GCG,M:T>A,T148A
3,96279,257.3,2,"583:C>T, 605:G>A",2,"148:ACG>ATG, 155:CGG>CGA","M:T>M, S:R>R",T148M
17,98105,334.4,1,584:G>A,1,148:ACG>ACA,S:T>T,
11,98105,317.2,1,584:G>T,1,148:ACG>ACT,S:T>T,
13,98093,311.5,1,585:G>A,1,149:GGA>AGA,M:G>R,G149R
3,98093,348.3,1,585:G>C,1,149:GGA>CGA,M:G>R,G149R
12,98095,304.8,1,586:G>A,1,149:GGA>GAA,M:G>E,G149E
3,98056,215.3,1,587:A>G,1,149:GGA>GGG,S:G>G,
5,98056,383.6,1,587:A>T,1,149:GGA>GGT,S:G>G,
3,98005,261.0,1,588:C>A,1,150:CTT>ATT,M:L>I,L150I
5,98005,433.2,1,588:C>T,1,150:CTT>TTT,M:L>F,L150F
6,97965,218.5,1,589:T>C,1,150:CTT>CCT,M:L>P,L150P
7,97965,105.3,1,589:T>G,1,150:CTT>CGT,M:L>R,L150R
8,97917,335.0,1,590:T>C,1,150:CTT>CTC,S:L>L,
21,97917,215.0,1,590:T>G,1,150:CTT>CTG,S:L>L,
7,97901,296.4,1,591:T>C,1,151:TCC>CCC,M:S>P,S151P
4,97906,223.5,1,592:C>A,1,151:TCC>TAC,M:S>Y,S151Y
9,97906,289.8,1,592:C>T,1,151:TCC>TTC,M:S>F,S151F
16,97833,307.3,1,593:C>T,1,151:TCC>TCT,S:S>S,
3,96438,288.0,4,"594:G>C, 595:T>C, 596:C>G, 605:G>A",2,"152:GTC>CCG, 155:CGG>CGA","M:V>P, S:R>R",V152P
3,96438,401.7,4,"594:G>T, 595:T>C, 596:C>G, 605:G>A",2,"152:GTC>TCG, 155:CGG>CGA","M:V>S, S:R>R",V152S
3,96438,297.7,2,"594:G>T, 605:G>A",2,"152:GTC>TTC, 155:CGG>CGA","M:V>F, S:R>R",V152F
8,97554,340.4,1,596:C>A,1,152:GTC>GTA,S:V>V,
13,97554,321.5,1,596:C>T,1,152:GTC>GTT,S:V>V,
30,97356,312.6,1,597:G>A,1,153:GCC>ACC,M:A>T,A153T
4,97356,254.5,1,597:G>T,1,153:GCC>TCC,M:A>S,A153S
5,97261,250.2,1,598:C>-,4,"153:FS, 154:CAC>ACC, 155:CGG>GGG, 156:GTG>TGA","FS, M:H>T, M:R>G, N:V>X",H154Tfs*3
8,97261,341.9,1,598:C>T,1,153:GCC>GTC,M:A>V,A153V
3,97157,211.3,1,599:C>A,1,153:GCC>GCA,S:A>A,
9,97157,316.2,1,599:C>T,1,153:GCC>GCT,S:A>A,
9,97136,253.2,1,600:C>A,1,154:CAC>AAC,M:H>N,H154N
14,97136,323.7,1,600:C>T,1,154:CAC>TAC,M:H>Y,H154Y
3,97042,374.0,1,601:A>G,1,154:CAC>CGC,M:H>R,H154R
5,97042,358.0,1,601:A>T,1,154:CAC>CTC,M:H>L,H154L
3,96984,183.3,1,602:C>A,1,154:CAC>CAA,M:H>Q,H154Q
3,96984,323.0,1,602:C>G,1,154:CAC>CAG,M:H>Q,H154Q
4,96984,284.0,1,602:C>T,1,154:CAC>CAT,S:H>H,
4,96913,361.0,1,603:C>G,1,155:CGG>GGG,M:R>G,R155G
4,96780,286.8,1,604:G>-,2,"155:FS, 156:GTG>TGA","FS, N:V>X",V156X
1464,96586,311.1,1,605:G>A,1,155:CGG>CGA,S:R>R,
5,96178,345.0,3,"605:G>A, 606:G>T, 607:T>G",2,"155:CGG>CGA, 156:GTG>TGG","S:R>R, M:V>W",V156W
3,96178,350.0,2,"605:G>A, 607:T>A",2,"155:CGG>CGA, 156:GTG>GAG","S:R>R, M:V>E",V156E
3,96089,305.0,3,"605:G>A, 607:T>G, 608:G>C",2,"155:CGG>CGA, 156:GTG>GGC","S:R>R, M:V>G",V156G
3,96089,273.3,2,"605:G>A, 608:G>A",2,"155:CGG>CGA, 156:GTG>GTA","S:R>R, S:V>V",
5,96586,174.8,1,605:G>T,1,155:CGG>CGT,S:R>R,
12,96194,287.9,1,607:T>C,1,156:GTG>GCG,M:V>A,V156A
5,96194,219.8,1,607:T>G,1,156:GTG>GGG,M:V>G,V156G
12,96116,354.4,1,608:G>A,1,156:GTG>GTA,S:V>V,
3,96116,209.0,1,608:G>C,1,156:GTG>GTC,S:V>V,
4,96116,260.0,1,608:G>T,1,156:GTG>GTT,S:V>V,
3,95580,278.0,1,609:A>G,1,157:ATC>GTC,M:I>V,I157V
4,95558,352.0,1,610:T>A,1,157:ATC>AAC,M:I>N,I157N
3,95558,296.0,1,610:T>C,1,157:ATC>ACC,M:I>T,I157T
6,95558,171.3,1,610:T>G,1,157:ATC>AGC,M:I>S,I157S
9,95522,286.3,1,611:C>T,1,157:ATC>ATT,S:I>I,
4,95420,298.0,1,612:A>G,1,158:ACC>GCC,M:T>A,T158A
5,95420,367.2,1,612:A>T,1,158:ACC>TCC,M:T>S,T158S
9,95434,307.2,1,613:C>T,1,158:ACC>ATC,M:T>I,T158I
11,95399,365.1,1,614:C>T,1,158:ACC>ACT,S:T>T,
6,95093,251.7,1,615:G>-,17,"159:FS, 160:GAT>ATC, 161:CTG>TGC, 162:CTC>TCG, 163:GGA>GAC, 164:CAG>AGT, 165:TTC>TCA, 166:ATC>TCG, 167:GTC>TCA, 168:AGC>GCG, 169:GGC>GCA, 170:ATC>TCG, 171:GCG>CGC, 172:CTG>TGG, 173:GCC>CCA, 174:ACC>CCG, 175:GTG>TGA","FS, M:D>I, M:L>C, M:L>S, M:G>D, M:Q>S, M:F>S, M:I>S, M:V>S, M:S>A, M:G>A, M:I>S, M:A>R, M:L>W, M:A>P, M:T>P, N:V>X",D160Ifs*16
15,95093,301.5,1,615:G>A,1,159:GGG>AGG,M:G>R,G159R
4,95093,294.2,1,615:G>C,1,159:GGG>CGG,M:G>R,G159R
6,95093,272.8,1,615:G>T,1,159:GGG>TGG,M:G>W,G159W
15,94332,314.3,1,616:G>A,1,159:GGG>GAG,M:G>E,G159E
3,94332,261.7,1,616:G>T,1,159:GGG>GTG,M:G>V,G159V
12,94177,287.3,1,617:G>A,1,159:GGG>GGA,S:G>G,
4,94177,343.2,1,617:G>T,1,159:GGG>GGT,S:G>G,
8,93572,315.9,1,618:G>A,1,160:GAT>AAT,M:D>N,D160N
5,93572,250.6,1,618:G>T,1,160:GAT>TAT,M:D>Y,D160Y
6,93088,325.0,1,619:A>G,1,160:GAT>GGT,M:D>G,D160G
9,93088,325.4,1,619:A>T,1,160:GAT>GTT,M:D>V,D160V
4,92889,259.8,1,620:T>A,1,160:GAT>GAA,M:D>E,D160E
22,92653,313.1,1,621:C>A,1,161:CTG>ATG,M:L>M,L161M
10,92653,268.9,1,621:C>T,1,161:CTG>TTG,S:L>L,
4,92436,293.2,1,622:T>A,1,161:CTG>CAG,M:L>Q,L161Q
19,92436,263.8,1,622:T>C,1,161:CTG>CCG,M:L>P,L161P
4,92160,323.8,1,623:G>-,16,"161:FS, 161:CTG>CTC, 162:CTC>TCG, 163:GGA>GAC, 164:CAG>AGT, 165:TTC>TCA, 166:ATC>TCG, 167:GTC>TCA, 168:AGC>GCG, 169:GGC>GCA, 170:ATC>TCG, 171:GCG>CGC, 172:CTG>TGG, 173:GCC>CCA, 174:ACC>CCG, 175:GTG>TGA","FS, S:L>L, M:L>S, M:G>D, M:Q>S, M:F>S, M:I>S, M:V>S, M:S>A, M:G>A, M:I>S, M:A>R, M:L>W, M:A>P, M:T>P, N:V>X",L162Sfs*14
14,92160,333.7,1,623:G>A,1,161:CTG>CTA,S:L>L,
4,91213,324.2,1,624:->C,51,"162:FS, 162:CTC>CCT, 163:GGA>CGG, 164:CAG>ACA, 165:TTC>GTT, 166:ATC>CAT, 167:GTC>CGT, 168:AGC>CAG, 169:GGC>CGG, 170:ATC>CAT, 171:GCG>CGC, 172:CTG>GCT, 173:GCC>GGC, 174:ACC>CAC, 175:GTG>CGT, 176:ATC>GAT, 177:GCG>CGC, 178:GCG>GGC, 179:CTG>GCT, 180:GCC>GGC, 181:GTG>CGT, 182:CGC>GCG, 183:AAC>CAA, 184:CGG>CCG, 185:TCC>GTC, 186:GCG>CGC, 187:GTG>GGT, 188:CTC>GCT, 189:GCG>CGC, 190:ACG>GAC, 191:TCG>GTC, 192:CTG>GCT, 193:GCC>GGC, 194:GTC>CGT, 195:ACC>CAC, 196:GCA>CGC, 197:CTC>ACT, 198:GTC>CGT, 199:CCG>CCC, 200:GTG>GGT, 201:GCC>GGC, 202:GCG>CGC, 203:GCG>GGC, 204:TTC>GTT, 205:GCG>CGC, 206:CTG>GCT, 207:GGT>GGG, 208:GTG>TGT, 209:CCA>GCC, 210:GGT>AGG, 211:GAT>TGA","FS, M:L>P, M:G>R, M:Q>T, M:F>V, M:I>H, M:V>R, M:S>Q, M:G>R, M:I>H, M:A>R, M:L>A, M:A>G, M:T>H, M:V>R, M:I>D, M:A>R, M:A>G, M:L>A, M:A>G, M:V>R, M:R>A, M:N>Q, M:R>P, M:S>V, M:A>R, M:V>G, M:L>A, M:A>R, M:T>D, M:S>V, M:L>A, M:A>G, M:V>R, M:T>H, M:A>R, M:L>T, M:V>R, S:P>P, M:V>G, M:A>G, M:A>R, M:A>G, M:F>V, M:A>R, M:L>A, S:G>G, M:V>C, M:P>A, M:G>R, N:D>X",L162Pfs*50
5,91213,338.6,1,624:C>G,1,162:CTC>GTC,M:L>V,L162V
10,91213,363.0,1,624:C>T,1,162:CTC>TTC,M:L>F,L162F
4,90766,328.5,1,625:->T,51,"162:FS, 162:CTC>CTT, 163:GGA>CGG, 164:CAG>ACA, 165:TTC>GTT, 166:ATC>CAT, 167:GTC>CGT, 168:AGC>CAG, 169:GGC>CGG, 170:ATC>CAT, 171:GCG>CGC, 172:CTG>GCT, 173:GCC>GGC, 174:ACC>CAC, 175:GTG>CGT, 176:ATC>GAT, 177:GCG>CGC, 178:GCG>GGC, 179:CTG>GCT, 180:GCC>GGC, 181:GTG>CGT, 182:CGC>GCG, 183:AAC>CAA, 184:CGG>CCG, 185:TCC>GTC, 186:GCG>CGC, 187:GTG>GGT, 188:CTC>GCT, 189:GCG>CGC, 190:ACG>GAC, 191:TCG>GTC, 192:CTG>GCT, 193:GCC>GGC, 194:GTC>CGT, 195:ACC>CAC, 196:GCA>CGC, 197:CTC>ACT, 198:GTC>CGT, 199:CCG>CCC, 200:GTG>GGT, 201:GCC>GGC, 202:GCG>CGC, 203:GCG>GGC, 204:TTC>GTT, 205:GCG>CGC, 206:CTG>GCT, 207:GGT>GGG, 208:GTG>TGT, 209:CCA>GCC, 210:GGT>AGG, 211:GAT>TGA","FS, S:L>L, M:G>R, M:Q>T, M:F>V, M:I>H, M:V>R, M:S>Q, M:G>R, M:I>H, M:A>R, M:L>A, M:A>G, M:T>H, M:V>R, M:I>D, M:A>R, M:A>G, M:L>A, M:A>G, M:V>R, M:R>A, M:N>Q, M:R>P, M:S>V, M:A>R, M:V>G, M:L>A, M:A>R, M:T>D, M:S>V, M:L>A, M:A>G, M:V>R, M:T>H, M:A>R, M:L>T, M:V>R, S:P>P, M:V>G, M:A>G, M:A>R, M:A>G, M:F>V, M:A>R, M:L>A, S:G>G, M:V>C, M:P>A, M:G>R, N:D>X",G163Rfs*49
26,90766,309.2,1,625:T>-,15,"162:FS, 162:CTC>CCG, 163:GGA>GAC, 164:CAG>AGT, 165:TTC>TCA, 166:ATC>TCG, 167:GTC>TCA, 168:AGC>GCG, 169:GGC>GCA, 170:ATC>TCG, 171:GCG>CGC, 172:CTG>TGG, 173:GCC>CCA, 174:ACC>CCG, 175:GTG>TGA","FS, M:L>P, M:G>D, M:Q>S, M:F>S, M:I>S, M:V>S, M:S>A, M:G>A, M:I>S, M:A>R, M:L>W, M:A>P, M:T>P, N:V>X",L162Pfs*14
6,90766,384.3,1,625:T>A,1,162:CTC>CAC,M:L>H,L162H
10,90766,297.3,1,625:T>C,1,162:CTC>CCC,M:L>P,L162P
4,89749,361.2,1,626:->C,50,"162:FS, 163:GGA>CGG, 164:CAG>ACA, 165:TTC>GTT, 166:ATC>CAT, 167:GTC>CGT, 168:AGC>CAG, 169:GGC>CGG, 170:ATC>CAT, 171:GCG>CGC, 172:CTG>GCT, 173:GCC>GGC, 174:ACC>CAC, 175:GTG>CGT, 176:ATC>GAT, 177:GCG>CGC, 178:GCG>GGC, 179:CTG>GCT, 180:GCC>GGC, 181:GTG>CGT, 182:CGC>GCG, 183:AAC>CAA, 184:CGG>CCG, 185:TCC>GTC, 186:GCG>CGC, 187:GTG>GGT, 188:CTC>GCT, 189:GCG>CGC, 190:ACG>GAC, 191:TCG>GTC, 192:CTG>GCT, 193:GCC>GGC, 194:GTC>CGT, 195:ACC>CAC, 196:GCA>CGC, 197:CTC>ACT, 198:GTC>CGT, 199:CCG>CCC, 200:GTG>GGT, 201:GCC>GGC, 202:GCG>CGC, 203:GCG>GGC, 204:TTC>GTT, 205:GCG>CGC, 206:CTG>GCT, 207:GGT>GGG, 208:GTG>TGT, 209:CCA>GCC, 210:GGT>AGG, 211:GAT>TGA","FS, M:G>R, M:Q>T, M:F>V, M:I>H, M:V>R, M:S>Q, M:G>R, M:I>H, M:A>R, M:L>A, M:A>G, M:T>H, M:V>R, M:I>D, M:A>R, M:A>G, M:L>A, M:A>G, M:V>R, M:R>A, M:N>Q, M:R>P, M:S>V, M:A>R, M:V>G, M:L>A, M:A>R, M:T>D, M:S>V, M:L>A, M:A>G, M:V>R, M:T>H, M:A>R, M:L>T, M:V>R, S:P>P, M:V>G, M:A>G, M:A>R, M:A>G, M:F>V, M:A>R, M:L>A, S:G>G, M:V>C, M:P>A, M:G>R, N:D>X",G163Rfs*49
16,89749,321.2,1,626:C>-,15,"162:FS, 162:CTC>CTG, 163:GGA>GAC, 164:CAG>AGT, 165:TTC>TCA, 166:ATC>TCG, 167:GTC>TCA, 168:AGC>GCG, 169:GGC>GCA, 170:ATC>TCG, 171:GCG>CGC, 172:CTG>TGG, 173:GCC>CCA, 174:ACC>CCG, 175:GTG>TGA","FS, S:L>L, M:G>D, M:Q>S, M:F>S, M:I>S, M:V>S, M:S>A, M:G>A, M:I>S, M:A>R, M:L>W, M:A>P, M:T>P, N:V>X",G163Dfs*13
7,89749,336.4,1,626:C>A,1,162:CTC>CTA,S:L>L,
3,89749,306.3,1,626:C>G,1,162:CTC>CTG,S:L>L,
9,89749,432.3,1,626:C>T,1,162:CTC>CTT,S:L>L,
6,89287,239.7,1,627:->G,50,"163:FS, 163:GGA>GGG, 164:CAG>ACA, 165:TTC>GTT, 166:ATC>CAT, 167:GTC>CGT, 168:AGC>CAG, 169:GGC>CGG, 170:ATC>CAT, 171:GCG>CGC, 172:CTG>GCT, 173:GCC>GGC, 174:ACC>CAC, 175:GTG>CGT, 176:ATC>GAT, 177:GCG>CGC, 178:GCG>GGC, 179:CTG>GCT, 180:GCC>GGC, 181:GTG>CGT, 182:CGC>GCG, 183:AAC>CAA, 184:CGG>CCG, 185:TCC>GTC, 186:GCG>CGC, 187:GTG>GGT, 188:CTC>GCT, 189:GCG>CGC, 190:ACG>GAC, 191:TCG>GTC, 192:CTG>GCT, 193:GCC>GGC, 194:GTC>CGT, 195:ACC>CAC, 196:GCA>CGC, 197:CTC>ACT, 198:GTC>CGT, 199:CCG>CCC, 200:GTG>GGT, 201:GCC>GGC, 202:GCG>CGC, 203:GCG>GGC, 204:TTC>GTT, 205:GCG>CGC, 206:CTG>GCT, 207:GGT>GGG, 208:GTG>TGT, 209:CCA>GCC, 210:GGT>AGG, 211:GAT>TGA","FS, S:G>G, M:Q>T, M:F>V, M:I>H, M:V>R, M:S>Q, M:G>R, M:I>H, M:A>R, M:L>A, M:A>G, M:T>H, M:V>R, M:I>D, M:A>R, M:A>G, M:L>A, M:A>G, M:V>R, M:R>A, M:N>Q, M:R>P, M:S>V, M:A>R, M:V>G, M:L>A, M:A>R, M:T>D, M:S>V, M:L>A, M:A>G, M:V>R, M:T>H, M:A>R, M:L>T, M:V>R, S:P>P, M:V>G, M:A>G, M:A>R, M:A>G, M:F>V, M:A>R, M:L>A, S:G>G, M:V>C, M:P>A, M:G>R, N:D>X",Q164Tfs*48
6,89287,234.3,1,627:G>-,14,"163:FS, 163:GGA>GAC, 164:CAG>AGT, 165:TTC>TCA, 166:ATC>TCG, 167:GTC>TCA, 168:AGC>GCG, 169:GGC>GCA, 170:ATC>TCG, 171:GCG>CGC, 172:CTG>TGG, 173:GCC>CCA, 174:ACC>CCG, 175:GTG>TGA","FS, M:G>D, M:Q>S, M:F>S, M:I>S, M:V>S, M:S>A, M:G>A, M:I>S, M:A>R, M:L>W, M:A>P, M:T>P, N:V>X",G163Dfs*13
19,89287,377.0,1,627:G>A,1,163:GGA>AGA,M:G>R,G163R
22,89201,303.0,1,628:G>A,1,163:GGA>GAA,M:G>E,G163E
4,88478,224.5,1,629:->A,49,"163:FS, 164:CAG>ACA, 165:TTC>GTT, 166:ATC>CAT, 167:GTC>CGT, 168:AGC>CAG, 169:GGC>CGG, 170:ATC>CAT, 171:GCG>CGC, 172:CTG>GCT, 173:GCC>GGC, 174:ACC>CAC, 175:GTG>CGT, 176:ATC>GAT, 177:GCG>CGC, 178:GCG>GGC, 179:CTG>GCT, 180:GCC>GGC, 181:GTG>CGT, 182:CGC>GCG, 183:AAC>CAA, 184:CGG>CCG, 185:TCC>GTC, 186:GCG>CGC, 187:GTG>GGT, 188:CTC>GCT, 189:GCG>CGC, 190:ACG>GAC, 191:TCG>GTC, 192:CTG>GCT, 193:GCC>GGC, 194:GTC>CGT, 195:ACC>CAC, 196:GCA>CGC, 197:CTC>ACT, 198:GTC>CGT, 199:CCG>CCC, 200:GTG>GGT, 201:GCC>GGC, 202:GCG>CGC, 203:GCG>GGC, 204:TTC>GTT, 205:GCG>CGC, 206:CTG>GCT, 207:GGT>GGG, 208:GTG>TGT, 209:CCA>GCC, 210:GGT>AGG, 211:GAT>TGA","FS, M:Q>T, M:F>V, M:I>H, M:V>R, M:S>Q, M:G>R, M:I>H, M:A>R, M:L>A, M:A>G, M:T>H, M:V>R, M:I>D, M:A>R, M:A>G, M:L>A, M:A>G, M:V>R, M:R>A, M:N>Q, M:R>P, M:S>V, M:A>R, M:V>G, M:L>A, M:A>R, M:T>D, M:S>V, M:L>A, M:A>G, M:V>R, M:T>H, M:A>R, M:L>T, M:V>R, S:P>P, M:V>G, M:A>G, M:A>R, M:A>G, M:F>V, M:A>R, M:L>A, S:G>G, M:V>C, M:P>A, M:G>R, N:D>X",Q164Tfs*48
12,88478,279.8,1,629:A>-,14,"163:FS, 163:GGA>GGC, 164:CAG>AGT, 165:TTC>TCA, 166:ATC>TCG, 167:GTC>TCA, 168:AGC>GCG, 169:GGC>GCA, 170:ATC>TCG, 171:GCG>CGC, 172:CTG>TGG, 173:GCC>CCA, 174:ACC>CCG, 175:GTG>TGA","FS, S:G>G, M:Q>S, M:F>S, M:I>S, M:V>S, M:S>A, M:G>A, M:I>S, M:A>R, M:L>W, M:A>P, M:T>P, N:V>X",Q164Sfs*12
5,88478,407.8,1,629:A>G,1,163:GGA>GGG,S:G>G,
6,88478,369.5,1,629:A>T,1,163:GGA>GGT,S:G>G,
5,76758,344.2,1,630:C>-,13,"164:FS, 164:CAG>AGT, 165:TTC>TCA, 166:ATC>TCG, 167:GTC>TCA, 168:AGC>GCG, 169:GGC>GCA, 170:ATC>TCG, 171:GCG>CGC, 172:CTG>TGG, 173:GCC>CCA, 174:ACC>CCG, 175:GTG>TGA","FS, M:Q>S, M:F>S, M:I>S, M:V>S, M:S>A, M:G>A, M:I>S, M:A>R, M:L>W, M:A>P, M:T>P, N:V>X",Q164Sfs*12
4,50202,274.2,1,631:A>-,13,"164:FS, 164:CAG>CGT, 165:TTC>TCA, 166:ATC>TCG, 167:GTC>TCA, 168:AGC>GCG, 169:GGC>GCA, 170:ATC>TCG, 171:GCG>CGC, 172:CTG>TGG, 173:GCC>CCA, 174:ACC>CCG, 175:GTG>TGA","FS, M:Q>R, M:F>S, M:I>S, M:V>S, M:S>A, M:G>A, M:I>S, M:A>R, M:L>W, M:A>P, M:T>P, N:V>X",Q164Rfs*12
3,50202,170.7,1,631:A>G,1,164:CAG>CGG,M:Q>R,Q164R
6,50047,291.0,1,632:G>-,13,"164:FS, 164:CAG>CAT, 165:TTC>TCA, 166:ATC>TCG, 167:GTC>TCA, 168:AGC>GCG, 169:GGC>GCA, 170:ATC>TCG, 171:GCG>CGC, 172:CTG>TGG, 173:GCC>CCA, 174:ACC>CCG, 175:GTG>TGA","FS, M:Q>H, M:F>S, M:I>S, M:V>S, M:S>A, M:G>A, M:I>S, M:A>R, M:L>W, M:A>P, M:T>P, N:V>X",Q164Hfs*12
8,50047,288.8,1,632:G>A,1,164:CAG>CAA,S:Q>Q,
29,49770,305.8,1,633:T>-,12,"165:FS, 165:TTC>TCA, 166:ATC>TCG, 167:GTC>TCA, 168:AGC>GCG, 169:GGC>GCA, 170:ATC>TCG, 171:GCG>CGC, 172:CTG>TGG, 173:GCC>CCA, 174:ACC>CCG, 175:GTG>TGA","FS, M:F>S, M:I>S, M:V>S, M:S>A, M:G>A, M:I>S, M:A>R, M:L>W, M:A>P, M:T>P, N:V>X",F165Sfs*11
3,49770,357.3,1,633:T>C,1,165:TTC>CTC,M:F>L,F165L
15,48751,340.1,1,635:C>-,12,"165:FS, 165:TTC>TTA, 166:ATC>TCG, 167:GTC>TCA, 168:AGC>GCG, 169:GGC>GCA, 170:ATC>TCG, 171:GCG>CGC, 172:CTG>TGG, 173:GCC>CCA, 174:ACC>CCG, 175:GTG>TGA","FS, M:F>L, M:I>S, M:V>S, M:S>A, M:G>A, M:I>S, M:A>R, M:L>W, M:A>P, M:T>P, N:V>X",F165Lfs*11
3,48751,305.0,1,635:C>A,1,165:TTC>TTA,M:F>L,F165L
3,48751,259.3,1,635:C>T,1,165:TTC>TTT,S:F>F,
4,47375,281.5,1,636:A>-,11,"166:FS, 166:ATC>TCG, 167:GTC>TCA, 168:AGC>GCG, 169:GGC>GCA, 170:ATC>TCG, 171:GCG>CGC, 172:CTG>TGG, 173:GCC>CCA, 174:ACC>CCG, 175:GTG>TGA","FS, M:I>S, M:V>S, M:S>A, M:G>A, M:I>S, M:A>R, M:L>W, M:A>P, M:T>P, N:V>X",I166Sfs*10
4,47375,427.5,1,636:A>T,1,166:ATC>TTC,M:I>F,I166F
18,31509,312.9,1,637:T>-,11,"166:FS, 166:ATC>ACG, 167:GTC>TCA, 168:AGC>GCG, 169:GGC>GCA, 170:ATC>TCG, 171:GCG>CGC, 172:CTG>TGG, 173:GCC>CCA, 174:ACC>CCG, 175:GTG>TGA","FS, M:I>T, M:V>S, M:S>A, M:G>A, M:I>S, M:A>R, M:L>W, M:A>P, M:T>P, N:V>X",I166Tfs*10
